{"cameraMode":{"drawMode":0,"name":"Shaded","section":"Shading Mode"},"sceneLighting":false,"audioPlay":false,"sceneViewState":{"showFog":true,"showMaterialUpdate":true,"showSkybox":true,"showFlares":true,"showImageEffects":true,"showParticleSystems":true},"in2DMode":false,"pivot":{"x":0.6316928267478943,"y":-3.8335413932800295,"z":-1.5117392539978028},"rotation":{"x":0.1806780844926834,"y":0.03775232657790184,"z":-0.006940817926079035,"w":0.9827929735183716},"size":19.697877883911134,"orthographic":false}