{"cameraMode":{"drawMode":0,"name":"Shaded","section":"Shading Mode"},"sceneLighting":false,"audioPlay":false,"sceneViewState":{"showFog":true,"showMaterialUpdate":true,"showSkybox":true,"showFlares":true,"showImageEffects":true,"showParticleSystems":true},"in2DMode":false,"pivot":{"x":23.899999618530275,"y":-6.020933151245117,"z":9.484594345092774},"rotation":{"x":0.2321348637342453,"y":0.017501946538686754,"z":-0.004178058821707964,"w":0.972517192363739},"size":40.010372161865237,"orthographic":false}