{"cameraMode":{"drawMode":0,"name":"Shaded","section":"Shading Mode"},"sceneLighting":false,"audioPlay":false,"sceneViewState":{"showFog":true,"showMaterialUpdate":true,"showSkybox":true,"showFlares":true,"showImageEffects":true,"showParticleSystems":true},"in2DMode":false,"pivot":{"x":-35.54438018798828,"y":-67.75657653808594,"z":183.0135040283203},"rotation":{"x":0.1731596291065216,"y":-0.05493156611919403,"z":0.009672950021922589,"w":0.9833131432533264},"size":297.3853454589844,"orthographic":false}